{"cameraMode":{"drawMode":0,"name":"Shaded","section":"Shading Mode"},"sceneLighting":false,"audioPlay":false,"sceneViewState":{"showFog":true,"showMaterialUpdate":false,"showSkybox":false,"showFlares":true,"showImageEffects":true,"showParticleSystems":true},"in2DMode":false,"pivot":{"x":-12.872727394104004,"y":7.439679145812988,"z":29.618135452270509},"rotation":{"x":-0.6976305246353149,"y":-0.030076809227466584,"z":0.028899984434247018,"w":-0.715401291847229},"size":7.487718105316162,"orthographic":false}