{"cameraMode":{"drawMode":0,"name":"Shaded","section":"Shading Mode"},"sceneLighting":true,"audioPlay":false,"sceneViewState":{"showFog":true,"showMaterialUpdate":false,"showSkybox":true,"showFlares":true,"showImageEffects":true,"showParticleSystems":true},"in2DMode":false,"pivot":{"x":27.97482681274414,"y":-27.212766647338868,"z":50.07576370239258},"rotation":{"x":0.36788272857666018,"y":-0.44223344326019289,"z":0.20560899376869203,"w":0.7918079495429993},"size":64.26807403564453,"orthographic":false}